Class Label,Count,Percentage
1,399,73.07692307692307
0,147,26.923076923076923
