Macro F1,Micro F1,Macro ROC-AUC,Micro ROC-AUC
0.046298794928464455,0.08545702592087312,0.7542346992865735,0.8261589858934348
