Macro F1,Micro F1,Macro ROC-AUC,Micro ROC-AUC
0.0,0.0,0.5267955323400064,0.7174463065413695
