Macro F1,Micro F1,Macro ROC-AUC,Micro ROC-AUC
0.0,0.0,0.500000205438438,0.7429301035069221
