Macro F1,Micro F1,Macro ROC-AUC,Micro ROC-AUC
0.0,0.0,0.5000032861310987,0.7416833506578224
