Class Label,Count,Percentage
1,3494,74.21410365335599
0,1214,25.78589634664401
